Source,URL,What it is,Notes
The Mindful Mocktail,mindfulmocktail.com,Whole site dedicated to easy mocktail recipes,Best single-source; well-organized by ingredient
Some Good Clean Fun,somegoodcleanfun.com,"NA cocktails, mocktails + zero-proof reviews",Sophisticated 'grown-up' recipes
Food Network — Mocktails,foodnetwork.com/recipes/photos/mocktail-recipes,34+ curated zero-proof drink ideas,"Reliable, tested recipes"
Michelin Guide — Mocktails,guide.michelin.com — search 'mocktails',Inspector-picked top mocktails from restaurants,"Elevated, restaurant-quality inspiration"
Cook's Crafter,cookscrafter.com/18-sophisticated-nonalcoholic-mocktails,18 grown-up mocktail recipes,Good for sophisticated flavor combos
A Beautiful Mess,abeautifulmess.com — search 'mocktail',Aesthetic-forward lifestyle blog w/ drink recipes,"Very visual, matches her scrapbook vibe"
Liquor.com — Mocktails,liquor.com/mocktails-4779432,Reputable drinks site with a full mocktail section,"Reliable, well-tested recipes"
The Kitchn — Drinks,thekitchn.com/cooking-methods/drinks,Popular cooking site with strong non-alcoholic drinks,"Approachable, home-friendly recipes"
A Couple Cooks,acouplecooks.com,"Huge, well-tested mocktail section",One of the best single sources
Imbibe Magazine,imbibemagazine.com,Spirit-free mixology from a drinks authority,"Elevated, restaurant-grade ideas"
Punch,punchdrink.com,Respected drinks-culture site with NA recipes,Sophisticated & trend-aware
A Bar Above,abarabove.com,Craft mocktail technique & DIY syrups,For leveling up homemade drinks
Feast + West,feastandwest.com,DIY zero-proof spirits & party drinks,"Creative, hosting-focused"
The Craft Pour,thecraftpour.com,Zero-proof cocktail guides,"Clear recipes, crowd-pleasers"
Camille Styles,camillestyles.com,Aesthetic entertaining + mocktails,"Beautiful, hosting-forward"
Half Baked Harvest,halfbakedharvest.com,Gorgeous seasonal drinks,"Lush, photogenic recipes"
Love and Lemons,loveandlemons.com,"Fresh, produce-forward drinks","Bright, healthy, seasonal"
Cookie and Kate,cookieandkate.com,Aguas frescas & fresh sips,"Simple, wholesome"
Minimalist Baker,minimalistbaker.com,Simple wholesome drinks,"Easy, few ingredients"
Serious Eats,seriouseats.com,Technique-driven drink recipes,For understanding the 'why'
Bon Appetit,bonappetit.com,Trend-forward mocktails,Current & stylish
Epicurious,epicurious.com,Deep reliable recipe archive,Dependable go-to
Simply Recipes,simplyrecipes.com,Approachable everyday recipes,Beginner-friendly
Delish,delish.com,"Fun, trendy party drinks","Playful, viral-leaning"
Seedlip,seedlipdrinks.com,NA-spirit brand's recipe library,"Grown-up, botanical"
Gimme Some Oven,gimmesomeoven.com,Party drinks & big-batch punches,Great for gatherings
Weavers Coffee,weaverscoffee.com,Seasonal mocktail roundups,Coffee-shop-culture inspired
