Source,URL,What it is,Why it fits Melany
The Design Files,thedesignfiles.net,"Australia's most-loved design blog — homes, art, makers","Daily real-home tours with soul, not showrooms"
Yellowtrace,yellowtrace.com.au,"Design, architecture & interiors, beautifully curated","High-taste eye candy, art-adjacent"
Remodelista,remodelista.com,"Considered, calm sourcebook for the home","Restrained, tasteful, object-loving"
Sight Unseen,sightunseen.com,"Design & culture — objects, studios, emerging makers",Champions indie makers and quiet originality
Apartment Therapy,apartmenttherapy.com,"Real homes, small-space ideas, approachable decor","Warm, livable, real-people inspiration"
My Scandinavian Home,myscandinavianhome.com,"Nordic interiors — light, calm, understated",Soft minimalism she'd likely love
Domino,domino.com,"Stylish, shoppable interiors & decor ideas","Colorful, editorial, personality-forward"
Apartamento,apartamentomagazine.com,"'Everyday life' interiors — real, lived-in homes","Personal & eclectic, not staged — her exact vibe"
Freunde von Freunden,freundevonfreunden.com,Homes & studios of creative people,"Intimate, character-rich"
The Modern House,themodernhouse.com,Architectural homes + design journal,"Beautiful, editorial, aspirational"
Cereal,readcereal.com,"Travel & design, minimal aesthetic","Calm, refined, image-led"
Kinfolk,kinfolk.com,Slow living & considered design,"Warm minimalism, mood-setting"
The Nordroom,thenordroom.com,Nordic & vintage-leaning interiors,"Cozy, textural, real spaces"
Old Brand New,oldbrandnew.com,"Dabito's bold, colorful, thrifted maximalism",Playful color & pattern — great for her
Jungalow,jungalow.com,Justina Blakeney's plant-filled bohemian style,"Vibrant, layered, joyful"
sfgirlbybay,sfgirlbybay.com,Bohemian-modern lifestyle & interiors,"Effortless, arty, lived-in"
Emily Henderson,stylebyemilyhenderson.com,"Approachable, personality-driven decor",Real-home makeovers
Sophie Robinson,sophierobinson.co.uk,British maximalist colour queen,Fearless pattern & hue
Dezeen,dezeen.com,Architecture & design news,"Cutting-edge, idea-rich"
Dwell,dwell.com,Modern homes & renovations,"Clean, real projects"
Est Living,estliving.com,Beautiful homes & interiors (AU),High-taste home tours
Design Milk,design-milk.com,Modern design & objects,Fresh product/interior mix
Elle Decor,elledecor.com,Interior news & designer style,"Broad, polished inspiration"
House & Garden,houseandgarden.co.uk,Timeless British interiors,"Elegant, characterful rooms"
Architectural Digest,architecturaldigest.com,Iconic homes & design,Aspirational tours
Hunker,hunker.com,"Approachable, small-space decor",Practical & renter-friendly
MyDomaine,mydomaine.com,Decor ideas & home styling,Accessible trend coverage
